{
	"partitions" : [
		{
			"name" : "Top",
			"pins" : [
				{
					"name" : "seg[0]",
					"strict" : false
				},
				{
					"name" : "seg[1]",
					"strict" : false
				},
				{
					"name" : "seg[2]",
					"strict" : false
				},
				{
					"name" : "seg[3]",
					"strict" : false
				},
				{
					"name" : "seg[4]",
					"strict" : false
				},
				{
					"name" : "seg[5]",
					"strict" : false
				},
				{
					"name" : "seg[6]",
					"strict" : false
				},
				{
					"name" : "an[0]",
					"strict" : false
				},
				{
					"name" : "an[1]",
					"strict" : false
				},
				{
					"name" : "motor[0]",
					"strict" : false
				},
				{
					"name" : "motor[1]",
					"strict" : false
				},
				{
					"name" : "motor[2]",
					"strict" : false
				},
				{
					"name" : "motor[3]",
					"strict" : false
				},
				{
					"name" : "clk",
					"strict" : false
				},
				{
					"name" : "reset",
					"strict" : false
				},
				{
					"name" : "boton_p1",
					"strict" : false
				},
				{
					"name" : "boton_p2",
					"strict" : false
				},
				{
					"name" : "boton_p3",
					"strict" : false
				},
				{
					"name" : "boton_p4",
					"strict" : false
				},
				{
					"name" : "boton_moneda",
					"strict" : false
				}
			]
		}
	]
}